Site,Population,Latitude,Longitude,Elevation,Image_Number
Latir,SL2,36.79593,-105.48266,12371,2756
Latir,SL2,36.79593,-105.48266,12371,2757
Latir,SL2,36.79593,-105.48266,12371,2758
Latir,SL2,36.79593,-105.48266,12371,2759
Latir,SL2,36.79593,-105.48266,12371,2760
Latir,SL2,36.79593,-105.48266,12371,2761
Latir,Swale VP,36.79365,-105.48698,12447,2762
Latir,Swale VP,36.79365,-105.48698,12447,2763
Latir,Swale VP,36.79365,-105.48698,12447,2764
Latir,Swale VP,36.79365,-105.48698,12447,2765
Latir,Swale VP,36.79365,-105.48698,12447,2766
Latir,Swale VP,36.79365,-105.48698,12447,2767
Latir,Swale VP,36.79365,-105.48698,12447,2768
Latir,Swale VP,36.79365,-105.48698,12447,2769
Latir,Swale VP,36.79365,-105.48698,12447,2770
Latir,Swale VP,36.79365,-105.48698,12447,2771
Latir,Swale VP,36.79365,-105.48698,12447,2772
Latir,Swale VP,36.79365,-105.48698,12447,2773
Latir,Swale VP,36.79365,-105.48698,12447,2774
Latir,Swale VP,36.79365,-105.48698,12447,2775
Latir,Swale VP,36.79365,-105.48698,12447,2776
Latir,Swale VP,36.79365,-105.48698,12447,2777
Latir,Swale VP,36.79365,-105.48698,12447,2778
Latir,Swale VP,36.79365,-105.48698,12447,2779
Latir,Swale VP,36.79365,-105.48698,12447,2780
Latir,Swale VP,36.79365,-105.48698,12447,2781
Latir,Swale VP,36.79365,-105.48698,12447,2782
Latir,Verado Peak,36.7938,-105.48702,12714,2784
Latir,Verado Peak,36.7938,-105.48702,12714,2785
Latir,Verado Peak,36.7938,-105.48702,12714,2786
Latir,Verado Peak,36.7938,-105.48702,12714,2787
Latir,Verado Peak,36.7938,-105.48702,12714,2788
Latir,Verado Peak,36.7938,-105.48702,12714,2789
Latir,Verado Peak,36.7938,-105.48702,12714,2790
Latir,Verado Peak,36.7938,-105.48702,12714,2791
Latir,Verado Peak,36.7938,-105.48702,12714,2792
Latir,Verado Peak,36.7938,-105.48702,12714,2793
Latir,Verado Peak,36.7938,-105.48702,12714,2794
Latir,Verado Peak,36.7938,-105.48702,12714,2795
Latir,Verado Peak,36.7938,-105.48702,12714,2796
Latir,Verado Peak,36.7938,-105.48702,12714,2797
Latir,Verado Peak,36.7938,-105.48702,12714,2798
Latir,Verado Peak,36.7938,-105.48702,12714,2799
Latir,Verado Peak,36.7938,-105.48702,12714,2800
Latir,Verado Peak,36.7938,-105.48702,12714,2801
Latir,Verado Peak,36.7938,-105.48702,12714,2802
Latir,Verado Peak,36.7938,-105.48702,12714,2803
Latir,Verado Peak,36.7938,-105.48702,12714,2804
Latir,Latir Mesa,36.79783,-105.47854,12697,2805
Latir,Latir Mesa,36.79783,-105.47854,12697,2806
Latir,Latir Mesa,36.79783,-105.47854,12697,2807
Latir,Latir Mesa,36.79783,-105.47854,12697,2808
Latir,Latir Mesa,36.79783,-105.47854,12697,2809
Latir,Latir Mesa,36.79783,-105.47854,12697,2810
Latir,Latir Mesa,36.79783,-105.47854,12697,2811
Latir,Latir Mesa,36.79783,-105.47854,12697,2812
Latir,Latir Mesa,36.79783,-105.47854,12697,2813
Latir,Latir Mesa,36.79783,-105.47854,12697,2814
Latir,Latir Mesa,36.79783,-105.47854,12697,2815
Latir,Latir Mesa,36.79783,-105.47854,12697,2816
Latir,Latir Mesa,36.79783,-105.47854,12697,2817
Latir,Latir Mesa,36.79783,-105.47854,12697,2818
Latir,Latir Mesa,36.79783,-105.47854,12697,2819
Latir,Latir Mesa,36.79783,-105.47854,12697,2820
Latir,Latir Mesa,36.79783,-105.47854,12697,2821
Latir,Latir Mesa,36.79783,-105.47854,12697,2822
Latir,Latir Mesa,36.79783,-105.47854,12697,2823
Latir,Latir Mesa,36.79783,-105.47854,12697,2824
Latir,Latir Mesa,36.79783,-105.47854,12697,2825
Latir,HL Rim,36.78744,-105.4637,12188,2826
Latir,HL Rim,36.78744,-105.4637,12188,2827
Latir,HL Rim,36.78744,-105.4637,12188,2828
Latir,HL Rim,36.78744,-105.4637,12188,2829
Latir,HL Rim,36.78744,-105.4637,12188,2830
Latir,HL Rim,36.78744,-105.4637,12188,2831
Latir,HL Rim,36.78744,-105.4637,12188,2832
Latir,HL Rim,36.78744,-105.4637,12188,2833
Latir,HL Rim,36.78744,-105.4637,12188,2834
Latir,HL Rim,36.78744,-105.4637,12188,2835
Latir,HL Rim,36.78744,-105.4637,12188,2836
Latir,HL Rim,36.78744,-105.4637,12188,2837
Latir,HL Rim,36.78744,-105.4637,12188,2838
Latir,HL Rim,36.78744,-105.4637,12188,2839
Latir,HL Rim,36.78744,-105.4637,12188,2840
Latir,HL Rim,36.78744,-105.4637,12188,2841
Latir,HL Rim,36.78744,-105.4637,12188,2842
Latir,HL Rim,36.78744,-105.4637,12188,2843
Latir,HL Rim,36.78744,-105.4637,12188,2844
Latir,HL Rim,36.78744,-105.4637,12188,2845
Latir,HL Rim,36.78744,-105.4637,12188,2846
Latir,SL1,36.78599,-105.46623,12259,2847
Latir,SL1,36.78599,-105.46623,12259,2848
Latir,SL1,36.78599,-105.46623,12259,2849
Latir,SL1,36.78599,-105.46623,12259,2850
Latir,SL1,36.78599,-105.46623,12259,2851
Latir,SL1,36.78599,-105.46623,12259,2852
Latir,SL1,36.78599,-105.46623,12259,2853
Latir,SL1,36.78599,-105.46623,12259,2854
Latir,SL1,36.78599,-105.46623,12259,2855
Latir,SL1,36.78599,-105.46623,12259,2856
Latir,SL1,36.78599,-105.46623,12259,2857
Latir,SL1,36.78599,-105.46623,12259,2858
Latir,SL1,36.78599,-105.46623,12259,2859
Latir,SL1,36.78599,-105.46623,12259,2860
Latir,SL1,36.78599,-105.46623,12259,2861
Latir,SL1,36.78599,-105.46623,12259,2862
Latir,SL1,36.78599,-105.46623,12259,2863
Latir,SL1,36.78599,-105.46623,12259,2864
Latir,SL1,36.78599,-105.46623,12259,2865
Latir,SL1,36.78599,-105.46623,12259,2866
Latir,SL1,36.78599,-105.46623,12259,2867
Niwot,West Knoll,40.05653,-105.59629,11883,2868
Niwot,West Knoll,40.05653,-105.59629,11883,2869
Niwot,West Knoll,40.05653,-105.59629,11883,2870
Niwot,West Knoll,40.05653,-105.59629,11883,2871
Niwot,West Knoll,40.05653,-105.59629,11883,2872
Niwot,West Knoll,40.05653,-105.59629,11883,2873
Niwot,West Knoll,40.05653,-105.59629,11883,2874
Niwot,West Knoll,40.05653,-105.59629,11883,2875
Niwot,West Knoll,40.05653,-105.59629,11883,2876
Niwot,West Knoll,40.05653,-105.59629,11883,2877
Niwot,West Knoll,40.05653,-105.59629,11883,2878
Niwot,West Knoll,40.05653,-105.59629,11883,2879
Niwot,West Knoll,40.05653,-105.59629,11883,2880
Niwot,West Knoll,40.05653,-105.59629,11883,2881
Niwot,West Knoll,40.05653,-105.59629,11883,2882
Niwot,West Knoll,40.05653,-105.59629,11883,2883
Niwot,West Knoll,40.05653,-105.59629,11883,2884
Niwot,West Knoll,40.05653,-105.59629,11883,2885
Niwot,West Knoll,40.05653,-105.59629,11883,2886
Niwot,West Knoll,40.05653,-105.59629,11883,2887
Niwot,West Knoll,40.05653,-105.59629,11883,2888
Niwot,SN3,40.0551,-105.5973,11802,2889
Niwot,SN3,40.0551,-105.5973,11802,2890
Niwot,SN3,40.0551,-105.5973,11802,2891
Niwot,SN3,40.0551,-105.5973,11802,2892
Niwot,SN3,40.0551,-105.5973,11802,2893
Niwot,SN3,40.0551,-105.5973,11802,2894
Niwot,SN3,40.0551,-105.5973,11802,2895
Niwot,SN3,40.0551,-105.5973,11802,2896
Niwot,SN3,40.0551,-105.5973,11802,2897
Niwot,SN3,40.0551,-105.5973,11802,2898
Niwot,SN3,40.0551,-105.5973,11802,2899
Niwot,SN3,40.0551,-105.5973,11802,2900
Niwot,SN3,40.0551,-105.5973,11802,2901
Niwot,SN3,40.0551,-105.5973,11802,2902
Niwot,SN3,40.0551,-105.5973,11802,2903
Niwot,SN3,40.0551,-105.5973,11802,2904
Niwot,SN3,40.0551,-105.5973,11802,2905
Niwot,SN3,40.0551,-105.5973,11802,2906
Niwot,SN3,40.0551,-105.5973,11802,2907
Niwot,SN3,40.0551,-105.5973,11802,2908
Niwot,SN3,40.0551,-105.5973,11802,2909
Niwot,East Krummholz,40.04965,-105.58656,11353,2910
Niwot,East Krummholz,40.04965,-105.58656,11353,2911
Niwot,East Krummholz,40.04965,-105.58656,11353,2912
Niwot,East Krummholz,40.04965,-105.58656,11353,2913
Niwot,East Krummholz,40.04965,-105.58656,11353,2914
Niwot,East Krummholz,40.04965,-105.58656,11353,2915
Niwot,East Krummholz,40.04965,-105.58656,11353,2916
Niwot,East Krummholz,40.04965,-105.58656,11353,2917
Niwot,East Krummholz,40.04965,-105.58656,11353,2918
Niwot,East Krummholz,40.04965,-105.58656,11353,2919
Niwot,East Krummholz,40.04965,-105.58656,11353,2920
Niwot,East Krummholz,40.04965,-105.58656,11353,2921
Niwot,East Krummholz,40.04965,-105.58656,11353,2922
Niwot,East Krummholz,40.04965,-105.58656,11353,2923
Niwot,East Krummholz,40.04965,-105.58656,11353,2924
Niwot,East Krummholz,40.04965,-105.58656,11353,2925
Niwot,East Krummholz,40.04965,-105.58656,11353,2926
Niwot,East Krummholz,40.04965,-105.58656,11353,2927
Niwot,East Krummholz,40.04965,-105.58656,11353,2928
Niwot,East Krummholz,40.04965,-105.58656,11353,2929
Niwot,East Krummholz,40.04965,-105.58656,11353,2930
Niwot,Tvan,40.05153,-105.58564,11434,2931
Niwot,Tvan,40.05153,-105.58564,11434,2932
Niwot,Tvan,40.05153,-105.58564,11434,2933
Niwot,Tvan,40.05153,-105.58564,11434,2934
Niwot,Tvan,40.05153,-105.58564,11434,2935
Niwot,Tvan,40.05153,-105.58564,11434,2936
Niwot,Tvan,40.05153,-105.58564,11434,2937
Niwot,Tvan,40.05153,-105.58564,11434,2938
Niwot,Tvan,40.05153,-105.58564,11434,2939
Niwot,Tvan,40.05153,-105.58564,11434,2940
Niwot,Tvan,40.05153,-105.58564,11434,2941
Niwot,Tvan,40.05153,-105.58564,11434,2942
Niwot,Tvan,40.05153,-105.58564,11434,2943
Niwot,Tvan,40.05153,-105.58564,11434,2944
Niwot,Tvan,40.05153,-105.58564,11434,2945
Niwot,Tvan,40.05153,-105.58564,11434,2946
Niwot,Tvan,40.05153,-105.58564,11434,2947
Niwot,Tvan,40.05153,-105.58564,11434,2948
Niwot,Tvan,40.05153,-105.58564,11434,2949
Niwot,Tvan,40.05153,-105.58564,11434,2950
Niwot,Tvan,40.05153,-105.58564,11434,2951
Niwot,SN1,40.05524,-105.58633,11649,2952
Niwot,SN2,40.05524,-105.58633,11649,2953
Niwot,SN3,40.05524,-105.58633,11649,2954
Niwot,SN4,40.05524,-105.58633,11649,2955
Niwot,SN5,40.05524,-105.58633,11649,2956
Niwot,SN6,40.05524,-105.58633,11649,2957
Niwot,SN7,40.05524,-105.58633,11649,2958
Niwot,SN8,40.05524,-105.58633,11649,2959
Niwot,SN9,40.05524,-105.58633,11649,2960
Niwot,SN10,40.05524,-105.58633,11649,2961
Niwot,SN11,40.05524,-105.58633,11649,2962
Niwot,SN12,40.05524,-105.58633,11649,2963
Niwot,SN13,40.05524,-105.58633,11649,2964
Niwot,SN14,40.05524,-105.58633,11649,2965
Niwot,SN15,40.05524,-105.58633,11649,2966
Niwot,SN16,40.05524,-105.58633,11649,2967
Niwot,SN17,40.05524,-105.58633,11649,2968
Niwot,SN18,40.05524,-105.58633,11649,2969
Niwot,SN19,40.05524,-105.58633,11649,2970
Niwot,SN20,40.05524,-105.58633,11649,2971
Niwot,SN21,40.05524,-105.58633,11649,2972
Niwot,SN22,40.05524,-105.58633,11649,2973
Niwot,SN23,40.05524,-105.58633,11649,2974
Niwot,D1,40.05978,-105.61658,12265,2975
Niwot,D1,40.05978,-105.61658,12265,2976
Niwot,D1,40.05978,-105.61658,12265,2977
Niwot,D1,40.05978,-105.61658,12265,2978
Niwot,D1,40.05978,-105.61658,12265,2979
Niwot,D1,40.05978,-105.61658,12265,2980
Niwot,D1,40.05978,-105.61658,12265,2981
Niwot,D1,40.05978,-105.61658,12265,2982
Niwot,D1,40.05978,-105.61658,12265,2983
Niwot,D1,40.05978,-105.61658,12265,2984
Niwot,D1,40.05978,-105.61658,12265,2985
Niwot,D1,40.05978,-105.61658,12265,2986
Niwot,D1,40.05978,-105.61658,12265,2987
Niwot,D1,40.05978,-105.61658,12265,2988
Niwot,D1,40.05978,-105.61658,12265,2989
Niwot,D1,40.05978,-105.61658,12265,2990
Niwot,D1,40.05978,-105.61658,12265,2991
Niwot,D1,40.05978,-105.61658,12265,2992
Niwot,D1,40.05978,-105.61658,12265,2993
Niwot,D1,40.05978,-105.61658,12265,2994
Niwot,D1,40.05978,-105.61658,12265,2995
RMNP,Chiquita,40.44373,-105.68886,13040,2996
RMNP,Chiquita,40.44373,-105.68886,13040,2997
RMNP,Chiquita,40.44373,-105.68886,13040,2998
RMNP,Chiquita,40.44373,-105.68886,13040,2999
RMNP,Chiquita,40.44373,-105.68886,13040,3000
RMNP,Chiquita,40.44373,-105.68886,13040,3001
RMNP,Chiquita,40.44373,-105.68886,13040,3002
RMNP,Chiquita,40.44373,-105.68886,13040,3003
RMNP,Chiquita,40.44373,-105.68886,13040,3004
RMNP,Chiquita,40.44373,-105.68886,13040,3005
RMNP,Chiquita,40.44373,-105.68886,13040,3006
RMNP,Chiquita,40.44373,-105.68886,13040,3007
RMNP,Chiquita,40.44373,-105.68886,13040,3008
RMNP,Chiquita,40.44373,-105.68886,13040,3009
RMNP,Chiquita,40.44373,-105.68886,13040,3010
RMNP,Chiquita,40.44373,-105.68886,13040,3011
RMNP,Chiquita,40.44373,-105.68886,13040,3012
RMNP,Chiquita,40.44373,-105.68886,13040,3013
RMNP,Chiquita,40.44373,-105.68886,13040,3014
RMNP,Chiquita,40.44373,-105.68886,13040,3015
RMNP,Chiquita,40.44373,-105.68886,13040,3016
RMNP,Chiquita,40.44373,-105.68886,13040,3017
RMNP,Chiquita,40.44373,-105.68886,13040,3018
RMNP,Ypsi Slope,40.4525,-105.6868,13145,3019
RMNP,Ypsi Slope,40.4525,-105.6868,13145,3020
RMNP,Ypsi Slope,40.4525,-105.6868,13145,3021
RMNP,Ypsi Slope,40.4525,-105.6868,13145,3022
RMNP,Ypsi Slope,40.4525,-105.6868,13145,3023
RMNP,Ypsi Slope,40.4525,-105.6868,13145,3024
RMNP,Ypsi Slope,40.4525,-105.6868,13145,3025
RMNP,Ypsi Slope,40.4525,-105.6868,13145,3026
RMNP,Ypsi Slope,40.4525,-105.6868,13145,3027
RMNP,Ypsi Slope,40.4525,-105.6868,13145,3028
RMNP,Ypsi Slope,40.4525,-105.6868,13145,3029
RMNP,Ypsi Slope,40.4525,-105.6868,13145,3030
RMNP,Ypsi Slope,40.4525,-105.6868,13145,3031
RMNP,Ypsi Slope,40.4525,-105.6868,13145,3032
RMNP,Ypsi Slope,40.4525,-105.6868,13145,3033
RMNP,Ypsi Slope,40.4525,-105.6868,13145,3034
RMNP,Ypsi Slope,40.4525,-105.6868,13145,3035
RMNP,Ypsi Slope,40.4525,-105.6868,13145,3036
RMNP,Ypsi Slope,40.4525,-105.6868,13145,3037
RMNP,Ypsi Slope,40.4525,-105.6868,13145,3038
RMNP,Ypsi Slope,40.4525,-105.6868,13145,3039
RMNP,Ypsi Trail,40.45019,-105.69125,12865,3060
RMNP,Ypsi Trail,40.45019,-105.69125,12865,3061
RMNP,Ypsi Trail,40.45019,-105.69125,12865,3062
RMNP,Ypsi Trail,40.45019,-105.69125,12865,3063
RMNP,Ypsi Trail,40.45019,-105.69125,12865,3064
RMNP,Ypsi Trail,40.45019,-105.69125,12865,3065
RMNP,Ypsi Trail,40.45019,-105.69125,12865,3066
RMNP,Ypsi Trail,40.45019,-105.69125,12865,3067
RMNP,Ypsi Trail,40.45019,-105.69125,12865,3068
RMNP,Ypsi Trail,40.45019,-105.69125,12865,3069
RMNP,Ypsi Trail,40.45019,-105.69125,12865,3070
RMNP,Ypsi Trail,40.45019,-105.69125,12865,3071
RMNP,Ypsi Trail,40.45019,-105.69125,12865,3072
RMNP,Ypsi Trail,40.45019,-105.69125,12865,3073
RMNP,Ypsi Trail,40.45019,-105.69125,12865,3074
RMNP,Ypsi Trail,40.45019,-105.69125,12865,3075
RMNP,Ypsi Trail,40.45019,-105.69125,12865,3076
RMNP,Ypsi Trail,40.45019,-105.69125,12865,3077
RMNP,Ypsi Trail,40.45019,-105.69125,12865,3078
RMNP,Ypsi Trail,40.45019,-105.69125,12865,3079
RMNP,Ypsi Trail,40.45019,-105.69125,12865,3080
RMNP,Ypsi Trail,40.45019,-105.69125,12865,3081
RMNP,Chiquita Trail,40.44218,-105.69795,12515,3082
RMNP,Chiquita Trail,40.44218,-105.69795,12515,3083
RMNP,Chiquita Trail,40.44218,-105.69795,12515,3084
RMNP,Chiquita Trail,40.44218,-105.69795,12515,3085
RMNP,Chiquita Trail,40.44218,-105.69795,12515,3086
RMNP,Chiquita Trail,40.44218,-105.69795,12515,3087
RMNP,Chiquita Trail,40.44218,-105.69795,12515,3088
RMNP,Chiquita Trail,40.44218,-105.69795,12515,3089
RMNP,Chiquita Trail,40.44218,-105.69795,12515,3090
RMNP,Chiquita Trail,40.44218,-105.69795,12515,3091
RMNP,Chiquita Trail,40.44218,-105.69795,12515,3092
RMNP,Chiquita Trail,40.44218,-105.69795,12515,3093
RMNP,Chiquita Trail,40.44218,-105.69795,12515,3094
RMNP,Chiquita Trail,40.44218,-105.69795,12515,3095
RMNP,Chiquita Trail,40.44218,-105.69795,12515,3096
RMNP,Chiquita Trail,40.44218,-105.69795,12515,3097
RMNP,Chiquita Trail,40.44218,-105.69795,12515,3098
RMNP,Chiquita Trail,40.44218,-105.69795,12515,3099
RMNP,Chiquita Trail,40.44218,-105.69795,12515,3100
RMNP,Chiquita Trail,40.44218,-105.69795,12515,3101
RMNP,Chiquita Trail,40.44218,-105.69795,12515,3102
